campaign,branch,acceleration_rms_g,normalized_frequency,frequency_hz,numerical_transverse,experimental_transverse,transverse_error,numerical_longitudinal,experimental_longitudinal,longitudinal_error,periodicity_error,total_energy_change,physical_root_work,material_dissipation,jump_dissipation,left_boundary_dissipation,right_boundary_dissipation,sat_data_work,net_boundary_dissipation,relative_ledger_residual
02g_upper,upper,0.2,0.8231814788683266,7.511501132411389,0.050226988302486376,0.058853591387922816,-0.00862660308543644,-0.0014599478412486988,-0.003640575094608005,0.0021806272533593063,0.0006015318558911936,5.546727803235063e-05,0.0003162749130741749,0.00025632468059254385,1.1704735063323992e-08,4.332542948981627,2.8012964890824256e-09,4.332538456332909,4.495450014019298e-06,5.585301387459253e-09
02g_upper,upper,0.2,0.848887538640635,7.746067995304105,0.058572791232826694,0.06863120064623555,-0.01005840941340886,-0.0019875216100938564,-0.004837183897465274,0.0028496622873714177,0.0017615186165333904,-0.00019548243122369247,0.00016434432618105205,0.00035483498710160065,2.1206441368308805e-08,3.9507483921862008,5.708715353786336e-09,3.9507433865198225,5.011375093566528e-06,1.0329072439491172e-08
02g_upper,upper,0.2,0.8745935845027772,7.980634731267059,0.0684485935670307,0.0852387939135166,-0.0167902003464859,-0.002717178002421994,-0.006209152407294944,0.0034919744048729504,0.0014318633001709213,-0.00017950249992118583,0.00032596856234997864,0.0005001890870708,4.0101846989463934e-08,3.6125274003395056,1.1963763780373475e-08,3.612522131483887,5.280819382225133e-06,1.0779333149033012e-08
02g_upper,upper,0.2,0.9003017515931105,8.215220823360305,0.08536758701320013,0.10837468471290332,-0.02300709769970319,-0.0042335081138703545,-0.009323492471043958,0.005089984357173604,0.0018566494676522521,0.00030925325923028546,0.0011215087034440448,0.0008072516354859946,9.884036793986447e-08,3.311812409148225,3.3135925872246146e-08,3.311807548799814,4.893484336854215e-06,3.4664258927680876e-09
02g_upper,upper,0.2,0.9260088580693485,8.449797237388406,0.11325527119077851,0.14330602218961735,-0.030050750998838846,-0.007471567344674468,-0.015224683765916118,0.00775311642124165,0.0014020128653356584,-0.0002820723086607302,0.0011836676908738234,0.001462612889440115,3.090717636824524e-07,3.0435755165449865,1.151994182290597e-07,3.0435727674176682,2.864326736684575e-06,1.5201254493393796e-08
02g_upper,upper,0.2,0.9517159539394453,8.684373554635854,0.16786981988770042,0.20282728037059636,-0.03495746048289594,-0.016517925778714693,-0.029786672324465222,0.01326874654575053,0.0013099035543358423,-0.00017812217391077745,0.0031518250814309033,0.0033401908433703356,1.5409274755523514e-06,2.80351391276711,6.340344700807491e-07,2.80352631770312,-1.1770901539698286e-05,4.8502533892220675e-09
02g_upper,upper,0.2,0.9774220104077285,8.91894038737946,0.29971821639868657,0.3113206614022653,-0.01160244500357871,-0.05392049916291186,-0.0712781665926309,0.017357667429719045,0.001271109177588936,0.000786229369547975,0.01194886919146026,0.011272056678021917,1.6962400640562516e-05,2.5878308129435736,7.4829080669182026e-06,2.587964693850294,-0.00012639799865343804,7.208664107553389e-09
02g_upper,upper,0.2,0.9928458500478329,9.05968236457026,0.48060694797910014,0.4947015776719036,-0.014094629692803451,-0.1473015227736264,-0.15806157689134012,0.010760054117713719,0.00168575530068589,-0.0002670997567461031,0.031176505735376715,0.031860147671842746,0.00013593263564226906,2.4680537121996364,5.895670700097771e-05,2.4686651186754145,-0.000552449768777219,1.0018198311628958e-08
02g_upper,upper,0.2,1.0031291062778251,9.153516704626906,0.6114987849834272,0.6038082230171944,0.007690561966232856,-0.25742052681463934,-0.2533693242772176,-0.00405120253742175,0.0009537229499508859,0.0012890949673063368,0.05848126359390693,0.05767573212412755,0.0004607974225497372,2.391651320440301,0.0001867939985842582,2.3927824840300005,-0.0009443695911151018,3.53737477749898e-09
02g_upper,upper,0.2,1.0082707429999171,9.200433953194667,0.6739123825346126,0.6608664831269885,0.013045899407624129,-0.3300463688053059,-0.3158190514413158,-0.014227317363990133,0.0014527806641245755,-0.0014850327600592905,0.07387092140703136,0.07555239823403716,0.0008194554493541092,2.354581070773159,0.00031407940776750437,2.355910989293444,-0.0010158391125174582,2.4844569834748425e-08
02g_upper,upper,0.2,1.010327377414903,9.219200667623618,0.6991631937676844,0.6823900822631431,0.016773111504541305,-0.3650205256478083,-0.3470244262806474,-0.0179960993671609,0.0014637050807453367,-0.001004508989116637,0.08388564055439858,0.08467623206515984,0.0010514200030438466,2.340259659013857,0.0003906794359870792,2.341487782889535,-0.0008374444396910263,2.3938973205137574e-08
02g_upper,upper,0.2,1.012382975732101,9.237957927697838,0.717202621936958,0.7001945300779768,0.017008091858981222,-0.3927410246878814,-0.37099557982322656,-0.02174544486465485,0.001999499796290549,0.002164771215202199,0.09500828643219368,0.09197780461899525,0.001263281373215976,2.3266147037514546,0.00045741446321771967,2.3274697371757567,-0.0003976189610841452,1.989114605707671e-08
02g_upper,upper,0.2,1.0144396101470867,9.256724642126787,0.7371303065839072,0.720818064920292,0.016312241663615223,-0.4265667175411505,-0.40119923328687646,-0.025367484254274042,0.001367313294317718,-0.0005557108650153797,0.10199546824472927,0.10105616810129037,0.001563945727901415,2.312741938951366,0.0005486007066717994,2.313359484266987,-6.894460894946164e-05,4.093488530270722e-09
02g_upper,upper,0.2,1.01649626907838,9.275491580266154,0.7496460338811766,0.7416690515834418,0.007976982297734803,-0.4499688703649636,-0.43282166722036347,-0.01714720314460011,0.0012334316851070337,0.0022495884844035974,0.1123971012767202,0.10755831229094483,0.001805849018978707,2.3001103110815846,0.0006187299688077629,2.2999456918861125,0.0007833491642799117,9.60938763580498e-10
02g_upper,upper,0.2,1.0185529140995069,9.294258391475756,0.7628974897617129,0.7622134060897804,0.0006840836719325116,-0.4770158528011097,-0.47713906816005863,0.00012321535894893598,0.0011143114771388074,0.0019792518343810794,0.12124193830168127,0.11527494444341325,0.0021256616598581742,2.287947098818793,0.0007080986739105771,2.2867931128561936,0.001862084636510275,1.7742605024218585e-09
02g_upper,upper,0.2,1.0206085018105635,9.313015554769322,0.7725170158988574,0.7864324007979029,-0.013915384899045535,-0.4986321339641224,-0.5271471819732766,0.028515048009154165,0.0011891822077263053,0.0007407179435843236,0.12806053401277007,0.12153071807600493,0.00241488683741613,2.276811909874094,0.0007858240972395474,2.2742234994559007,0.003374234515432839,9.723941089551064e-09
02g_lower,lower,0.2,1.1523902570027325,10.515519290297943,0.04946906901491153,0.047434065843485904,0.002035003171425624,-0.0014317220923861784,-0.0030986321371184516,0.0016669100447322732,0.00010804725974238039,-5.645536618609226e-06,0.0003321531384464796,0.00034423559535090803,1.3519707013356206e-08,1.579161172929083,1.0568872744539941e-08,1.579167639003099,-6.455505143332374e-06,3.206795392212177e-09
02g_lower,lower,0.2,1.1262132323780092,10.276654890211967,0.060553651455943824,0.05567351918099542,0.004880132274948407,-0.002143916287799752,-0.003640458162151774,0.0014965418743520219,0.000179839099375953,2.21237979274036e-05,0.0005182465509887815,0.0005036084328361411,2.9036630863437496e-08,1.6918544810474085,2.133153335366705e-08,1.6918620055631688,-7.503184226820281e-06,6.8141771053374905e-09
02g_lower,lower,0.2,1.1000341144845291,10.037771389124522,0.07705492465882027,0.06519889876193141,0.011856025896888861,-0.003470961900030489,-0.0038508586285302517,0.0003798967284997625,9.320038740472103e-05,-1.4567713551905115e-05,0.0007768874430425604,0.0008000361258698469,7.408434678293798e-08,1.8155412294156406,5.077336899128927e-08,1.815549936186642,-8.655997632445178e-06,5.197317026032227e-10
02g_lower,lower,0.2,1.073856032827939,9.798897343661105,0.10515716656155596,0.08447221352148888,0.02068495304006708,-0.006469972873487606,-0.005102113865967578,-0.001367859007520028,0.0001097114393051879,-1.4060027654083651e-05,0.0014382386819409426,0.0014610585359377819,2.5168226028658564e-07,1.9515804575252638,1.5946356856621333e-07,1.9515896319263883,-9.014937556006686e-06,1.7556985600926927e-09
02g_lower,lower,0.2,1.0633862646955452,9.70336108926107,0.12328768312820425,0.09882952241217298,0.02445816071603127,-0.008902925468148526,-0.006528650855406411,-0.002374274612742115,0.00012597481029313212,-1.4550919772426951e-06,0.0019838830260331002,0.0019926688509488088,4.72752092781715e-07,2.009796424505216,2.891568585173354e-07,2.009804523208691,-7.809546616499574e-06,3.013031127447355e-09
02g_lower,lower,0.2,1.052913332074158,9.60779595901377,0.14809281662495427,0.10864669711007442,0.03944611951487985,-0.012872192186497933,-0.007304341793050048,-0.005567850393447885,0.00013945660539158022,1.046778247704161e-05,0.002863363809436241,0.0028556927730238636,9.816807737269439e-07,2.0703747410002453,5.785862638429437e-07,2.070379100127219,-3.7805407098190358e-06,1.019596760627141e-09
02g_lower,lower,0.2,1.047678987269137,9.56003275255242,0.1637519019095438,0.12171812921413139,0.04203377269541242,-0.01576334926325451,-0.00924156179665932,-0.006521787466595191,0.00018063722159471912,8.907690769943688e-06,0.003495384259152944,0.003484517779528056,1.4702671939979059e-06,2.101569555914768,8.502045059525777e-07,2.101569920986816,4.851324577614946e-07,1.6100228016261761e-09
02g_lower,lower,0.2,1.0424425596623985,9.512250540600956,0.18472984027901243,0.13132758535419323,0.053402254924819204,-0.020110567677593005,-0.010005559488672487,-0.010105008188920519,9.285165304651066e-05,2.5990702123612763e-05,0.004468432012748263,0.004431376870430296,2.3943569012039568e-06,2.133413860134012,1.3545740093980568e-06,2.1334065469207757,8.667787245730807e-06,1.0739857919060158e-09
02g_lower,lower,0.2,1.041395274940669,9.50269410550715,0.18940773677534212,0.13905273743385144,0.05035499934149068,-0.021154315444805727,-0.011069683818535824,-0.010084631626269902,9.815873007845699e-05,-3.742432421316444e-05,0.0046357875479295435,0.00465959308531003,2.651055568404876e-06,2.1398609294126336,1.4932189058998004e-06,2.1398514580912504,1.0964540289037927e-05,1.4879639918757103e-09
02g_lower,lower,0.2,1.03930281611926,9.483600494669178,0.19958775990910524,0.15442890585073935,0.045158854058365894,-0.023521864828363714,-0.012932807622333073,-0.010589057206030641,9.239368247859758e-05,3.756871052962296e-05,0.005226432945987008,0.005169220262674623,3.2722840264884677e-06,2.1528214483762658,1.8263024266195725e-06,2.152806906391366,1.6368287326429254e-05,1.5761711102796095e-09
02g_lower,lower,0.2,1.0372060864661727,9.464467912647073,0.210738200553533,0.15521027382581332,0.055527926727719695,-0.026265929886640227,-0.013256320751444185,-0.013009609135196042,9.562402634474831e-05,2.599147774484667e-05,0.005817309031347856,0.005763882561582851,4.08089007120651e-06,2.1659163154613448,2.256242908502278e-06,2.1658952193569267,2.3352347326532907e-05,8.079442589407369e-10
02g_lower,lower,0.2,1.0351125564245272,9.445364526963303,0.2235746789801717,0.16535880908026837,0.05821586989990332,-0.029622253424907985,-0.014866090899913368,-0.014756162524994617,0.00010404202364605597,-2.6612409785076174e-05,0.006504614013805215,0.0064932142762805884,5.196119211075952e-06,2.1791016723508774,2.8437442408760124e-06,2.179071705296166,3.281079895245398e-05,2.3925418408813907e-09
02g_lower,lower,0.2,1.0330190508991888,9.426261364989946,0.23854355268885813,0.17999312550487165,0.05855042718398648,-0.033806326906533624,-0.01827662087548358,-0.015529706031050045,0.00011049696921261454,-5.338198211773948e-05,0.007402435666209413,0.007403188688405227,6.779188041309409e-06,2.192400288211381,3.6688997803870972e-06,2.192358109251528,4.584785963368532e-05,8.692766163654101e-10
02g_lower,lower,0.2,1.0309244496373067,9.407148204460379,0.25540687069479584,0.22893057913912188,0.026476291555673964,-0.03887394988769233,-0.027194669543031787,-0.01167928034466054,0.00011122914982908405,1.2354692686122881e-06,0.008584741027611396,0.008511063396932854,8.995173655309622e-06,2.205822149357889,4.810308922963778e-06,2.2057635186037268,6.344106308509012e-05,2.6755814826853545e-09
05g_upper,upper,0.5,0.8231814788683266,7.511501132411389,0.12360329543984885,0.14472708089483832,-0.02112378545498947,-0.008879613354055738,-0.013784721951545396,0.0049051085974896585,0.0003199459363246726,-3.8368933298366104e-05,0.0015196212207819544,0.0015679673633592426,4.333839299038734e-07,27.078315927656565,1.0498165642707215e-07,27.078326463969656,-1.0431331435967195e-05,7.658168091256412e-10
05g_upper,upper,0.5,0.848887538640635,7.746067995304105,0.14211460916858698,0.1642680118916127,-0.02215340272302571,-0.011766912601345325,-0.017439693525844853,0.005672780924499528,0.0003457627549551118,9.326613836013742e-05,0.002210442694090143,0.0021405907961633036,7.645109713892116e-07,24.69206563728263,2.0743659625047492e-07,24.692090028714727,-2.41839954995271e-05,2.12360466164618e-10
05g_upper,upper,0.5,0.8745935845027772,7.980634731267059,0.16758468357786988,0.19752496194574037,-0.0299402783678705,-0.0164202482440281,-0.024529115601561347,0.008108867357533245,0.00044850184803543747,0.00012496081099694356,0.0031498382268143658,0.003074580036838686,1.496318767051234e-06,22.578126238913214,4.530158632649921e-07,22.57817788146271,-5.1189533632367556e-05,4.1654566084923265e-10
05g_upper,upper,0.5,0.9003017515931105,8.215220823360305,0.20552817547904118,0.2306939888007825,-0.025165813321741337,-0.024842067921615807,-0.032594114404396614,0.007752046482780807,0.00023389246725495638,-7.322874259452217e-05,0.004602181431127528,0.004783787213093373,3.4432817023805876e-06,20.698539017491576,1.1595909841358581e-06,20.698651973589698,-0.0001117965071379956,1.150246781276002e-09
05g_upper,upper,0.5,0.9260088580693485,8.449797237388406,0.26469164468155776,0.29371294174538537,-0.02902129706382761,-0.04165936297348183,-0.05288022228285375,0.011220859309371924,0.00032107762716698796,2.6460629067914798e-05,0.00803801605999324,0.008269331605290699,9.823308960929497e-06,19.021765140103902,3.645755032324639e-06,19.02203639396692,-0.0002676081079862058,4.532119191270082e-10
05g_upper,upper,0.5,0.9517159539394453,8.684373554635854,0.3648902940865352,0.3812294410832138,-0.0163391469966786,-0.08120851024483955,-0.09132089469962298,0.010112384454783435,0.00044324408565021844,-0.00033432580426462355,0.015591199092354903,0.016648132047951715,3.833733460691659e-05,17.520547141406436,1.536325421956493e-05,17.52132342240916,-0.0007609177485043972,1.5246083018162378e-09
05g_upper,upper,0.5,0.9774220104077285,8.91894038737946,0.5346712099023484,0.5238244393522258,0.01084677055012262,-0.18705475725663967,-0.17947453937001298,-0.007580217886626689,0.00028109533867470837,-0.00015183888836856063,0.037620307440830135,0.04023143358065497,0.00022147061167716658,16.170001913743135,9.034695355830365e-05,16.172773005504435,-0.0026807448077406093,8.05364338738083e-10
05g_upper,upper,0.5,1.0031291062778251,9.153516704626906,0.7392469319365788,0.711655868598779,0.027591063337799704,-0.42923643847763604,-0.3839190828048175,-0.04531735567281853,0.00020619983051828328,0.0003599399396083669,0.09383552757564463,0.10078177582678545,0.0015401303781502522,14.943895368725622,0.0005437354077360202,14.953285387189153,-0.008846283055794046,2.3601262691046634e-09
05g_upper,upper,0.5,1.0185529459179299,9.29425868181771,0.8198986078676785,0.8105034812091638,0.009395126658514719,-0.6444814792173632,-0.5922924868172681,-0.05218899240009511,0.00031132906155699816,0.0001484825166664372,0.15788427296238305,0.1656046481311126,0.005131894834211197,14.261494334443597,0.0014814699140896811,14.275976570405646,-0.013000766047959189,9.372649437983013e-10
05g_upper,upper,0.5,1.023693543238208,9.341166445881624,0.8327635457207361,0.828846447627997,0.003917098092739102,-0.7248350500905569,-0.6706171244661481,-0.05421792562440886,0.0003386729947196798,-0.000770027242440019,0.18920853123216225,0.19441779498965694,0.007877431365447933,14.045191057157405,0.002117997166211944,14.05962568348167,-0.012316629158053871,2.717440197495351e-09
05g_upper,upper,0.5,1.0288351627461085,9.388083537370514,0.839623485905063,0.8392654016716398,0.00035808423342320594,-0.8085163644399569,-0.7576282330406312,-0.05088813139932569,0.0004711562662064739,-0.00032388740947597583,0.23245737751447784,0.22825969704359192,0.012292888308388658,13.838764640343499,0.003118187230199386,13.84965374610429,-0.007770918530590976,2.8538915637473546e-08
05g_upper,upper,0.5,1.0308928822914973,9.406860153575025,0.841984024294222,0.8406282112574666,0.001355813036755471,-0.8415590517290618,-0.7857787973784877,-0.0557802543505741,0.00014221458863888925,-6.2255683945799944e-06,0.2536274170402253,0.24307557243615668,0.014675027752219648,13.760219689097067,0.003661275078272643,13.767997676496911,-0.00411671232157218,1.749141561668311e-08
05g_upper,upper,0.5,1.0319201511430482,9.41623394457956,0.8431370717186142,0.8420349329860367,0.0011021387325774734,-0.8571437631161484,-0.8091385425773006,-0.048005220538847815,0.0002958086240398075,5.819014598484884e-05,0.2649380558248957,0.25066383530715136,0.01600577960892292,13.722080318366084,0.00396772929433544,13.727837592552865,-0.001789544892444539,1.4603587169455676e-08
05g_upper,upper,0.5,1.0329495307557512,9.425626996203036,0.8442939868781565,0.8429636162811786,0.0013303705969779367,-0.8745105769970658,-0.8159206196301595,-0.05858995736690631,0.00024308219850895096,-2.3091392815643985e-05,0.2774863144703464,0.25887993309134333,0.017532577439293894,13.684891189125908,0.004321818214549117,13.688115907038583,0.0010971003018749315,1.4676703859416242e-08
05g_upper,upper,0.5,1.0350051256298216,9.444384224858844,0.8468282579280679,0.845101249058947,0.0017270088691209162,-0.907469707581186,-0.8587178644809593,-0.04875184310022662,0.0001547431525017462,-0.00028385156987997817,0.3055567036378965,0.27613152033147526,0.02103400677963776,13.614161567378606,0.005145881488226915,13.610632009486384,0.00867543938044868,2.9553737371631656e-08
05g_upper,upper,0.5,1.0370617740940755,9.463151067486855,0.8493781407931912,0.8482335130263716,0.0011446277668195615,-0.9413398129563182,-0.8996107822775082,-0.04172903067880995,0.0002959720831126056,-0.0003186220609672219,0.3393137066878992,0.2946387298351247,0.025238364206020533,13.550128378526168,0.006158238803844284,13.536531170859762,0.019755446470249183,1.526088419811458e-08
05g_upper,upper,0.5,1.0391205403433936,9.48193723482675,0.8516345513953142,0.8519647592827665,-0.0003302078874523051,-0.9719870316977505,-0.9290576922006113,-0.042929339497139174,0.00019477999552813818,-5.091910021182144e-06,0.3791389184337603,0.3134540216038731,0.02998909875454234,13.495657587384272,0.007334031486968954,13.467289882020728,0.035701736850514365,6.116124219864192e-08
05g_upper,upper,0.5,1.0411750674403546,9.50068472005517,0.8538335234621701,0.8553388065524764,-0.0015052830903062864,-0.9982631562176543,-0.9697768819150179,-0.028486274302636394,0.00041863901396319014,5.61480846568152e-05,0.42500950309081625,0.33049644987182053,0.03472684297579384,13.458138434272916,0.008530726465667507,13.4069384288511,0.059730731887482236,4.841898917581109e-08
05g_lower,lower,0.5,1.131663486450082,10.326388260902702,0.14345320901490607,0.13175829912571368,0.01169490988919239,-0.012109779075232474,-0.010470457873724137,-0.001639321201508337,0.00016732084045818774,4.0335127704183016e-05,0.002884131926385977,0.0028662727475726596,9.364040202354629e-07,10.422090401581537,6.924988966710411e-07,10.42211450962119,-2.341554075613317e-05,3.0578866634756504e-10
05g_lower,lower,0.5,1.1059574268168753,10.091821399279283,0.1796619276261804,0.15367321144979862,0.025988716176381793,-0.01905711581273406,-0.013697791091981205,-0.005359324720752855,0.00010509457665885957,2.8610763754988167e-05,0.004452893442444563,0.004424668808728966,2.258446197480405e-06,11.165885843242425,1.5510320418106547e-06,11.16589004062289,-2.6463484221750377e-06,1.586509889626432e-10
05g_lower,lower,0.5,1.0802492807997222,9.85723549947804,0.2379009256401854,0.1993272776229963,0.0385736480171891,-0.03368640919269095,-0.021963238692362032,-0.011723170500328915,0.00011327307319245264,2.4007797266578645e-05,0.007791705548257263,0.007682988935074972,6.95505413416118e-06,11.982350890786863,4.37186455835666e-06,11.982277516638998,7.774601242260815e-05,6.46314741361166e-10
05g_lower,lower,0.5,1.059683821651717,9.669576430798351,0.32051691805150523,0.2548837490452089,0.06563316900629634,-0.06219885995048369,-0.0354338469076958,-0.02676501304278789,0.00010630118434534763,6.520703785317661e-05,0.014446200264238228,0.01401426357034554,2.379094060351233e-05,12.694103617017333,1.3622832542474169e-05,12.693774312678713,0.00034292717116279903,9.084098817190916e-10
05g_lower,lower,0.5,1.0545421849296253,9.622659182230592,0.3515169967831063,0.2861459415200822,0.06537105526302406,-0.0754288999295738,-0.044601344165353475,-0.030827555764220325,0.0001771344123947527,7.363114280101168e-05,0.017578035385892535,0.01696177567226653,3.5202081194327337e-05,12.880990656601671,1.955250320724961e-05,12.880502776238442,0.00050743286643673,4.94399649949414e-10
05g_lower,lower,0.5,1.0494016121256542,9.575751641877089,0.3886820021657163,0.3208976409106645,0.06778436125505183,-0.09326511550636585,-0.05658858183316531,-0.036676533673200534,0.00018904057266888596,-0.00015467333057123112,0.021631958172486077,0.02096378668969678,5.4434919219242716e-05,13.071693793668208,2.918943216866958e-05,13.07095460631645,0.0007683767839274935,2.528898608510391e-09
05g_lower,lower,0.5,1.0473449671045272,9.556984830667487,0.40652674506714864,0.33767998153612816,0.06884676353102048,-0.1026380725961058,-0.0637982972420667,-0.0388397753540391,0.0001917313239975238,-0.0001577336483886138,0.0239101845544773,0.02307900070244158,6.637354996141449e-05,13.149132768043,3.500218707747617e-05,13.148245232986822,0.0009225372432553058,5.091897801463516e-10
05g_lower,lower,0.5,1.0452872614693045,9.538208341392735,0.426228587008536,0.34496106650840497,0.08126752050013103,-0.11362944729811297,-0.0666982198439788,-0.04693122745413417,0.00018884003680680328,4.5831059879875014e-05,0.026819400165024043,0.02557343377839853,8.205866432886146e-05,13.227297732085491,4.2481935679352956e-05,13.226222125203286,0.001118088817884555,9.171832533838646e-10
05g_lower,lower,0.5,1.0432306130050508,9.519441498764726,0.44753498569358297,0.3805316056424713,0.06700338005111167,-0.12630493971552648,-0.08036260168939423,-0.04594233802613225,8.502125674242356e-05,-3.2242813825744676e-05,0.02988749792889243,0.028454700433953494,0.00010237780065755337,13.306128611208143,5.1951616941253026e-05,13.304817934992467,0.0013626278326164254,2.6003879383642957e-09
05g_lower,lower,0.5,1.0411750146878531,9.500684238690507,0.4730585700293082,0.40748550641015074,0.06557306361915743,-0.14264995161157568,-0.09387998284992008,-0.0487699687616556,9.11021609104612e-05,-6.908319351794923e-05,0.033944153707933196,0.03217501079773571,0.00013217569223646552,13.38572366240393,6.546590068579416e-05,13.384083093958514,0.0017060343461015037,1.1972919245817145e-09
05g_lower,lower,0.5,1.0391205086640722,9.481936945754093,0.5019245801772877,0.43385697093588754,0.06806760924140015,-0.1627627864867568,-0.10572695513695006,-0.057035831349806734,0.00010224650010082215,0.00011302970077176067,0.03925631538156666,0.036793700832683705,0.00017490947776786252,13.46613450046474,8.421656479313814e-05,13.464044049944912,0.002174667084622328,6.136070686384981e-10
05g_lower,lower,0.5,1.037061721341574,9.463150586122193,0.5368274711718221,0.475378646752062,0.06144882441976007,-0.18961929447292625,-0.12881943304508578,-0.06079986142784047,0.00010740221281646534,-0.00010691653110672661,0.04608386465138808,0.043063498684773355,0.0002434699117513823,13.547789621599437,0.000113080498048518,13.545018894550937,0.002883807546547601,3.707853419072812e-10
05g_lower,lower,0.5,1.0350050728773201,9.444383743494182,0.5820361660166959,0.5330068085527293,0.04902935746396664,-0.22910956924370374,-0.16361850426803123,-0.0654910649756725,0.00011960191664617259,0.0001440567525634595,0.0570396082403527,0.05243401426679063,0.000369821165809159,13.63091912295213,0.0001633042145163627,13.626990684853974,0.004091742312672508,1.9188414898768243e-09
05g_lower,lower,0.5,1.0329494990764299,9.425626707130379,0.6534231737160657,0.6358989322826512,0.017524241433414578,-0.30529281096206196,-0.24984776297253206,-0.0554450479895299,9.730986233247307e-05,0.00010688188320417957,0.07890664194280467,0.07108376966242991,0.0007151746632943929,13.717760163504238,0.000287642990696513,13.71104698872814,0.007000817766794398,1.4742020811079095e-10
