acceleration_rms_g,frequency_hz,normalized_frequency,frequency_over_unloaded_omega1,omega,transverse_peak,longitudinal_minimum,rotation_peak,periodicity_error,cycles,accepted_steps,rejected_steps,total_energy_change,material_dissipation,jump_dissipation,left_boundary_dissipation,right_boundary_dissipation,physical_root_work,sat_data_work,ledger_residual,relative_ledger_residual
0.5,7.5115011324113894,0.8231814788683266,0.80045887787303982,2.8144256364081053,0.12360329543984885,-0.0088796133540557376,0.16915689733641198,0.00031994593632467261,80,8823,639,-3.8368933298366104e-05,0.0015679673633592426,4.333839299038734e-07,27.078315927656565,1.0498165642707215e-07,0.0015196212207819544,27.078326463969656,-2.0738230688266412e-08,7.6581680912564125e-10
0.5,7.7460679953041049,0.84888753864063504,0.82545536320233459,2.9023136604847455,0.14211460916858698,-0.011766912601345325,0.19497324880412259,0.00034576275495511177,90,2605,173,9.3266138360137418e-05,0.0021405907961633036,7.6451097138921157e-07,24.692065637282631,2.0743659625047492e-07,0.002210442694090143,24.692090028714727,-5.2440931597175222e-09,2.1236046616461799e-10
0.5,7.9806347312670587,0.87459358450277724,0.85045183500543098,2.9902016370030653,0.16758468357786988,-0.016420248244028102,0.23066587205177305,0.00044850184803543747,90,3067,165,0.00012496081099694356,0.0030745800368386861,1.496318767051234e-06,22.578126238913214,4.5301586326499208e-07,0.0031498382268143658,22.578177881462711,9.4061540778511699e-09,4.1654566084923265e-10
0.5,8.2152208233603048,0.90030175159311054,0.8754503694836252,3.0780968659185239,0.20552817547904118,-0.024842067921615807,0.28427335907011558,0.00023389246725495638,110,4644,225,-7.3228742594522167e-05,0.0047837872130933731,3.4432817023805876e-06,20.698539017491576,1.1595909841358581e-06,0.0046021814311275281,20.698651973589698,2.3813935712269085e-08,1.1502467812760019e-09
0.5,8.449797237388406,0.92600885806934852,0.90044787262427062,3.1659884686354141,0.26469164468155776,-0.041659362973481828,0.36920995449151617,0.00032107762716698796,110,7126,478,2.6460629067914798e-05,0.0082693316052906991,9.8233089609294966e-06,19.021765140103902,3.6457550323246392e-06,0.0080380160599932398,19.022036393966921,-8.6246565444980661e-09,4.5321191912700821e-10
0.5,8.6843735546358545,0.9517159539394453,0.92544536545154044,3.2538800350903174,0.36489029408653523,-0.081208510244839549,0.51842383546020643,0.00044324408565021844,110,16028,1295,-0.00033432580426462355,0.016648132047951715,3.8337334606916592e-05,17.520547141406436,1.5363254219564929e-05,0.015591199092354903,17.521323422409161,2.6737435376844587e-08,1.5246083018162378e-09
0.5,8.9189403873794593,0.97742201040772847,0.9504418475680122,3.3417680478706231,0.5346712099023484,-0.18705475725663967,0.79800808667256484,0.00028109533867470837,130,23978,1336,-0.00015183888836856063,0.040231433580654972,0.00022147061167716658,16.170001913743135,9.0346953558303653e-05,0.037620307440830135,16.172773005504435,1.305539498730468e-08,8.0536433873808303e-10
0.5,9.1535167046269059,1.0031291062778251,0.97543934039528191,3.429659614325526,0.73924693193657876,-0.42923643847763604,1.2518777736171838,0.00020619983051828328,130,22384,1269,0.0003599399396083669,0.10078177582678545,0.0015401303781502522,14.943895368725622,0.00054373540773602024,0.093835527575644631,14.953285387189153,3.5513105345330587e-08,2.3601262691046634e-09
0.5,9.2942586818177109,1.0185529459179299,0.99043742974464988,3.4823931254762335,0.81989860786767854,-0.64448147921736321,1.5914011858301669,0.00031132906155699816,110,16108,746,0.00014848251666643719,0.16560464813111259,0.0051318948342111972,14.261494334443597,0.0014814699140896811,0.15788427296238305,14.275976570405646,-1.3528351772151836e-08,9.372649437983013e-10
0.5,9.3411664458816244,1.0236935432382079,0.99543612914231339,3.499968628881061,0.83276354572073608,-0.72483505009055693,1.7137632946827759,0.00033867299471967982,70,15925,693,-0.00077002724244001897,0.19441779498965694,0.007877431365447933,14.045191057157405,0.0021179971662119439,0.18920853123216225,14.05962568348167,3.872244747071818e-08,2.717440197495351e-09
0.5,9.3880835373705143,1.0288351627461085,1.000435822511754,3.5175476271058335,0.83962348590506297,-0.80851636443995689,1.8422639296094749,0.00047115626620647388,70,17558,913,-0.00032388740947597583,0.22825969704359192,0.012292888308388658,13.838764640343499,0.0031181872301993862,0.23245737751447784,13.849653746104289,4.018974362196559e-07,2.8538915637473546e-08
0.5,9.4068601535750247,1.0308928822914973,1.0024367420180378,3.5245828906409673,0.84198402429422203,-0.84155905172906176,1.8935956783314978,0.00014221458863888925,70,17212,916,-6.2255683945799944e-06,0.24307557243615668,0.014675027752219648,13.760219689097067,0.003661275078272643,0.25362741704022529,13.767997676496911,2.4525818531628829e-07,1.7491415616683109e-08
0.5,9.4162339445795595,1.0319201511430482,1.0034356547648562,3.5280950831106801,0.84313707171861418,-0.85714376311614837,1.9188052513168203,0.00029580862403980751,50,16995,883,5.819014598484884e-05,0.25066383530715136,0.01600577960892292,13.722080318366084,0.0039677292943354403,0.26493805582489571,13.727837592552865,2.043447189237213e-07,1.4603587169455676e-08
0.5,9.4256269962030359,1.0329495307557512,1.0044366200086594,3.5316144921911299,0.84429398687815649,-0.8745105769970658,1.9449776373314291,0.00024308219850895096,50,16936,874,-2.3091392815643985e-05,0.25887993309134333,0.017532577439293894,13.684891189125908,0.004321818214549117,0.27748631447034638,13.688115907038583,2.0496934993730065e-07,1.4676703859416242e-08
0.5,9.4443842248588439,1.0350051256298216,1.0064354734917602,3.5386424915572068,0.84682825792806793,-0.90746970758118595,1.9979669533603637,0.0001547431525017462,50,15694,754,-0.00028385156987997817,0.27613152033147526,0.021034006779637762,13.614161567378606,0.0051458814882269152,0.3055567036378965,13.610632009486384,4.1128378747146144e-07,2.9553737371631656e-08
0.5,9.4631510674868551,1.0370617740940755,1.0084353514823816,3.5456740931073694,0.84937814079319118,-0.94133981295631819,2.0515509790825073,0.00029597208311260559,50,15998,982,-0.0003186220609672219,0.29463872983512468,0.025238364206020533,13.550128378526168,0.0061582388038442836,0.33931370668789917,13.536531170859762,2.1176252751331504e-07,1.526088419811458e-08
0.5,9.4819372348267503,1.0391205403433936,1.0104372888000162,3.5527129352827522,0.85163455139531419,-0.97198703169775047,2.1024094427960907,0.00019477999552813818,50,16320,1121,-5.0919100211821444e-06,0.31345402160387309,0.029989098754542341,13.495657587384272,0.0073340314869689543,0.3791389184337603,13.467289882020728,8.4686514867371443e-07,6.1161242198641924e-08
0.5,9.5006847200551707,1.0411750674403546,1.0124351039802775,3.5597372839601928,0.85383352346217012,-0.99826315621765427,2.1462837990957553,0.00041863901396319014,90,15005,1199,5.61480846568152e-05,0.33049644987182053,0.034726842975793842,13.458138434272916,0.0085307264656675069,0.42500950309081625,13.406938428851101,6.6972893719707827e-07,4.841898917581109e-08
0.5,9.5194418846180344,1.0432306552905128,1.01443395063335,3.566765259311786,0.42802647071000738,-0.11466235464584684,0.62174914482708021,0.0074309389564772704,190,15072,1168,0.0025080013318462546,0.025682410336477501,8.2809721689544672e-05,13.305688343664505,4.2819817506975686e-05,0.029402061796433093,13.304602213106353,1.0996923727191188e-07,8.2472777872807169e-09
